._4b5DiR , .KzDlHZ
"â¹64,999","Apple iPhone 15 (Blue, 128 GB)"
"â¹64,999","Apple iPhone 15 (Green, 128 GB)"
"â¹65,999","Apple iPhone 15 (Black, 128 GB)"
"â¹58,999","Apple iPhone 14 Plus (Blue, 128 GB)"
"â¹56,999","Apple iPhone 14 (Blue, 128 GB)"
"â¹58,999","Apple iPhone 14 Plus (Starlight, 128 GB)"
"â¹58,999","Apple iPhone 14 Plus (Midnight, 128 GB)"
"â¹58,999","Apple iPhone 14 Plus (Yellow, 128 GB)"
"â¹58,999","Apple iPhone 14 Plus (Purple, 128 GB)"
"â¹69,999","Apple iPhone 15 (Pink, 128 GB)"
"â¹76,999","Apple iPhone 15 Plus (Blue, 128 GB)"
"â¹64,999","Apple iPhone 15 (Yellow, 128 GB)"
"â¹58,999","Apple iPhone 14 Plus ((PRODUCT)RED, 128 GB)"
"â¹68,999","Apple iPhone 14 Plus (Midnight, 256 GB)"
"â¹68,999","Apple iPhone 14 Plus ((PRODUCT)RED, 256 GB)"
"â¹76,999","Apple iPhone 15 Plus (Green, 128 GB)"
"â¹76,999","Apple iPhone 15 Plus (Pink, 128 GB)"
"â¹76,999","Apple iPhone 15 Plus (Black, 128 GB)"
"â¹52,999","Apple iPhone 13 (Starlight, 128 GB)"
"â¹68,999","Apple iPhone 14 Plus (Starlight, 256 GB)"
"â¹68,999","Apple iPhone 14 Plus (Blue, 256 GB)"
"â¹52,999","Apple iPhone 13 (Blue, 128 GB)"
"â¹44,999","Apple iPhone 12 (Blue, 128 GB)"
"â¹68,999","Apple iPhone 14 Plus (Yellow, 256 GB)"
